id_pedido,id_plato,ciudad,estado,valor_usd,propina_usd,minutos_entrega
PED1000,P0204,BARRANQUILLA, entregado,15.23,3.02,32.0
PED1001,P0402,cartagena,entregado,29.62,4.38,31.0
PED1002,P0601,BARRANQUILLA, cancelado,25.75,5.63,48.0
PED1003,P0103,Cali,entregado,18.24,5.1,31.0
PED1004,P0202,BOGOTA,ENTREGADO,5.71,4.96,51.0
PED1005, P0202,BARRANQUILLA,Entregado,17.23,2.39,20.0
PED1006,P0201,BOGOTA,Entregado,18.54,2.8,43.0
PED1007,P0602,bogota,ENTREGADO,32.79,N/A,55.0
PED1008,P0103,Barranquilla,En_camino,23.87,1.88,47.0
PED1009,P0302,Medellín,Entregado,13.66,N/A,13.0
PED1010,P0201,CALI, entregado,20.28,0.34,27.0
PED1011,P0402,barranquilla,ENTREGADO,6.05,N/A,32.0
PED1012,P0602,bogota, entregado,34.15,N/A,47.0
PED1013,P0202,medellin, entregado,15.16,2.6,19.0
PED1014, P0202,Cali,Entregado,18.81,4.44,23.0
PED1015,P0202,cali,Entregado,15.01,2.0,16.0
PED1016,P0203,BARRANQUILLA,ENTREGADO,25.16,4.64,25.0
PED1017,P0102,Barranquilla,Entregado,24.53,N/A,20.0
PED1018,P0101,Barranquilla,Entregado,26.17,N/A,54.0
PED1019,P0203,cartagena,ENTREGADO,12.31,2.86,27.0
PED1020,P0103,BOGOTA,En_camino,13.79,N/A,43.0
PED1021,P0202,Medellín, entregado,7.88,N/A,35.0
PED1022,P0203,BARRANQUILLA,EN_CAMINO,24.32,5.16,35.0
PED1023,P0204,BARRANQUILLA,Entregado,5.23,2.89,28.0
PED1024,P0101,Cali,en_camino,22.53,5.85,0.0
PED1025,P0601,cali,ENTREGADO,30.96,1.29,37.0
PED1026, P0202,medellin,ENTREGADO,31.62,1.18,36.0
PED1027,P0102, Bogotá ,entregado,17.92,N/A,28.0
PED1028,P0103,Bogotá,Entregado,18.24,2.43,30.0
PED1029,P0201,barranquilla,Entregado,6.39,0.53,42.0
PED1030,P0103,CARTAGENA,ENTREGADO,24.79,5.51,38.0
PED1031,P0202, Cali,ENTREGADO,29.46,0.94,36.0
PED1032, P0201, Bogotá ,Entregado,11.58,3.71,26.0
PED1033,P0402,CALI,Entregado,17.06,N/A,58.0
PED1034,P0402,Bogotá, entregado,30.0,5.49,29.0
PED1035,P0601,Cartagena,ENTREGADO,31.19,N/A,35.0
PED1036,P0203,CARTAGENA,CANCELADO,11.54,N/A,33.0
PED1037,P0201,BARRANQUILLA,cancelado,21.07,N/A,58.0
PED1038,P0302,medellin, entregado,9.97,1.16,32.0
PED1039,P0101,cali,Entregado,7.16,2.69,30.0
PED1040,P0201,Cali, entregado,32.24,0.43,36.0
PED1041,P0102,bogota,Entregado,29.44,N/A,27.0
PED1042,P0201, Bogotá ,Entregado,27.56,5.45,36.0
PED1043,P0401, Bogotá , entregado,5.51,0.12,63.0
PED1044,P0203,MEDELLIN,ENTREGADO,30.16,3.77,39.0
PED1045,P0301,cartagena,Entregado,17.58,N/A,38.0
PED1046,P0203,Cartagena, entregado,14.61,3.8,26.0
PED1047,P0102, Bogotá ,cancelado,20.94,N/A,56.0
PED1048,P0103,MEDELLIN, entregado,6.83,5.75,58.0
PED1049,P0202, Cali,entregado,27.46,N/A,45.0
PED1050,P0402,Barranquilla,Entregado,22.06,1.82,43.0
PED1051,P0601,CALI, cancelado,9.78,1.08,32.0
PED1052,P0402,Barranquilla, entregado,9.84,5.75,40.0
PED1053,P0401,CARTAGENA,entregado,9.71,0.5,25.0
PED1054,P0103, Cali, entregado,5.77,2.04,21.0
PED1055,P0401,BARRANQUILLA, en_camino,22.22,2.61,17.0
PED1056,P0201,Medellín,Entregado,30.05,N/A,40.0
PED1057,P0202,CARTAGENA, en_camino,4.54,N/A,18.0
PED1058,P0201,Bogotá,ENTREGADO,5.52,1.59,29.0
PED1059,P0204, Cali,entregado,21.76,1.24,34.0
PED1060,P0204,Medellin, entregado,29.4,2.79,47.0
PED1061,P0203,cali,entregado,14.13,5.59,28.0
PED1062,P0602,MEDELLIN,entregado,14.84,N/A,48.0
PED1063,P0204,Cali,entregado,22.49,0.9,46.0
PED1064,P0203,Bogotá, entregado,12.5,2.76,22.0
PED1065,P0103,barranquilla, en_camino,4.82,5.58,48.0
PED1066,P0202,cali,entregado,26.79,2.95,32.0
PED1067, P0601, Bogotá ,ENTREGADO,23.4,4.84,29.0
PED1068,P0201,CARTAGENA,entregado,22.0,N/A,32.0
PED1069,P0701,medellin,ENTREGADO,26.99,2.53,35.0
PED1070,P0601,barranquilla,entregado,24.93,N/A,30.0
PED1071,P0202, Bogotá ,Entregado,10.38,N/A,25.0
PED1072,P0201,Barranquilla,en_camino,14.93,N/A,26.0
PED1073,P0602, Cali,entregado,7.91,1.58,37.0
PED1074,P0302,Medellin, entregado,8.03,N/A,33.0
PED1075,P0601,cartagena,ENTREGADO,24.96,N/A,41.0
PED1076,P0601,Bogotá,Entregado,30.62,5.11,36.0
PED1077,P0201,CARTAGENA,ENTREGADO,33.84,2.5,36.0
PED1078,P0204,BARRANQUILLA,Cancelado,23.48,1.2,42.0
PED1079,P0201,Barranquilla,entregado,9.71,N/A,52.0
PED1080,P0602,bogota, entregado,7.28,N/A,53.0
PED1081,P0103,Barranquilla, entregado,29.2,N/A,51.0
PED1082,P0204,medellin,ENTREGADO,21.94,5.47,45.0
PED1083,P0201,bogota, entregado,23.17,2.47,60.0
PED1084,P0203,cali,ENTREGADO,28.23,0.29,40.0
PED1085,P0204,cali,ENTREGADO,25.8,N/A,39.0
PED1086,P0601,Medellín,Entregado,29.87,3.69,62.0
PED1087,P0301,Barranquilla,ENTREGADO,5.74,N/A,8.0
PED1088,P0602,cali,Entregado,27.17,3.89,32.0
PED1089,P0102, Cali, entregado,30.38,3.83,50.0
PED1090, P0201,Bogota,ENTREGADO,12.87,0.56,47.0
PED1091,P0302,MEDELLIN,ENTREGADO,23.85,0.77,66.0
PED1092,P0601,bogota,cancelado,13.74,2.85,36.0
PED1093,P0103,cali,ENTREGADO,33.7,4.6,-1.0
PED1094,P0601,medellin,ENTREGADO,5.04,1.86,31.0
PED1095, P0102, Bogotá ,entregado,21.97,5.2,39.0
PED1096,P0102,Barranquilla,cancelado,9.16,0.28,54.0
PED1097, P0101,bogota, entregado,26.08,4.58,55.0
PED1098,P0201,barranquilla,ENTREGADO,9.45,N/A,34.0
PED1099,P0201, Bogotá , entregado,11.3,N/A,38.0
PED1100,P0201,cali, entregado,19.33,0.12,28.0
PED1101,P0301,BARRANQUILLA,en_camino,32.36,2.84,29.0
PED1102,P0203,Cartagena,Entregado,10.56,0.04,240.0
PED1103,P0102,Barranquilla, cancelado,8.47,2.16,54.0
PED1104,P0401,Bogota,En_camino,27.53,4.06,27.0
PED1105,P0203,Barranquilla,CANCELADO,19.52,5.74,38.0
PED1106,P0101,Cali,entregado,32.27,2.4,32.0
PED1107,P0601,Cali,ENTREGADO,8.55,3.85,45.0
PED1108,P0203,CALI,ENTREGADO,24.02,N/A,30.0
PED1109,P0201, Bogotá ,entregado,11.22,N/A,12.0
PED1110,P0203, Cali,ENTREGADO,8.86,2.17,47.0
PED1111,P0202,BARRANQUILLA,entregado,25.19,2.82,31.0
PED1112,P0401,Bogotá,Entregado,22.4,N/A,33.0
PED1113,P0601,Bogotá,ENTREGADO,27.4,0.36,40.0
PED1114,P0301, Bogotá ,cancelado,13.59,3.28,39.0
PED1115,P0602,cali, entregado,17.89,4.49,40.0
PED1116,P0601,Medellin,CANCELADO,16.57,4.63,15.0
PED1117,P0202,Cartagena,Entregado,34.51,N/A,42.0
PED1118,P0401,Barranquilla,cancelado,13.06,N/A,12.0
PED1119,P0103, Cali,ENTREGADO,13.14,5.61,44.0
PED1120,P0601,Bogotá,ENTREGADO,14.99,5.06,48.0
PED1121,P0401,Cartagena,CANCELADO,21.5,2.58,19.0
PED1122, P0203,Cartagena,Entregado,11.82,0.94,39.0
PED1123,P0201,barranquilla,cancelado,32.37,N/A,48.0
PED1124,P0203,BOGOTA, entregado,12.24,1.44,30.0
PED1125,P0101,Bogotá, entregado,31.77,N/A,43.0
PED1126,P0602,BARRANQUILLA, entregado,7.21,N/A,8.0
PED1127,P0602,BARRANQUILLA,entregado,24.35,3.48,48.0
PED1128,P0201,bogota, entregado,32.12,5.47,35.0
PED1129,P0102,Medellín,Entregado,9.23,3.73,32.0
PED1130, P0101,CARTAGENA,entregado,34.02,N/A,47.0
PED1131,P0203,cartagena,ENTREGADO,18.04,N/A,56.0
PED1132,P0201,Barranquilla,En_camino,33.32,4.6,41.0
PED1133,P0204,cartagena,EN_CAMINO,24.98,2.26,54.0
PED1134,P0402,barranquilla, entregado,13.35,0.0,16.0
PED1135,P0204,BARRANQUILLA,Entregado,9.84,N/A,43.0
PED1136,P0102,Barranquilla,entregado,13.42,N/A,33.0
PED1137,P0302,CALI,Entregado,6.88,N/A,26.0
PED1138,P0204,BARRANQUILLA,ENTREGADO,8.46,1.68,12.0
PED1139,P0402,medellin,en_camino,7.24,N/A,42.0
PED1140,P0402,Bogota,Entregado,17.11,5.19,46.0
PED1141,P0203,BOGOTA,Entregado,28.66,N/A,51.0
PED1142,P0102,Bogotá,Entregado,8.38,N/A,49.0
PED1143,P0203,BARRANQUILLA,En_camino,8.04,4.49,26.0
PED1144,P0203,medellin,entregado,23.95,4.9,50.0
PED1145,P0201, Cali,ENTREGADO,10.11,4.76,52.0
PED1146,P0103,Medellin,Entregado,7.03,2.96,32.0
PED1147,P0102,Bogotá,entregado,9.17,N/A,35.0
PED1148,P0201,Cartagena,ENTREGADO,32.64,2.3,24.0
PED1149,P0203, Cali,En_camino,29.47,N/A,53.0
PED1150,P0401, Cali,ENTREGADO,14.98,1.71,17.0
PED1151,P0203,Cartagena,ENTREGADO,24.33,3.52,41.0
PED1152,P0202,Cartagena,entregado,20.66,5.02,28.0
PED1153,P0102,Bogota,ENTREGADO,24.99,N/A,22.0
PED1154,P0501, Cali,entregado,25.16,3.23,13.0
PED1155,P0203,Barranquilla,Entregado,23.49,4.7,32.0
PED1156,P0301,medellin,ENTREGADO,12.25,3.88,20.0
PED1157,P0601,Cartagena,ENTREGADO,5.21,N/A,36.0
PED1158,P0203,BOGOTA, entregado,18.12,2.3,56.0
PED1159,P0601,CALI,Entregado,31.62,0.12,37.0
PED1160,P0204,Bogota,Cancelado,21.65,N/A,59.0
PED1161,P0301,Cartagena, entregado,29.8,5.27,23.0
PED1162,P0301,Bogota, entregado,34.74,5.58,20.0
PED1163,P0103,cartagena,entregado,9.07,2.94,23.0
PED1164,P0201,cali,entregado,25.45,N/A,34.0
PED1165,P0602,Bogotá,ENTREGADO,24.9,1.48,68.0
PED1166,P0203,CALI,ENTREGADO,34.38,5.46,15.0
PED1167, P0202,cali,ENTREGADO,34.55,3.12,42.0
PED1168,P0201,cartagena,ENTREGADO,25.29,4.67,27.0
PED1169, P0103,Cartagena,entregado,11.55,N/A,32.0
PED1170,P0301,barranquilla,Cancelado,28.76,0.21,20.0
PED1171,P0201,Barranquilla,EN_CAMINO,7.32,0.93,46.0
PED1172,P0102,Cartagena,Entregado,28.2,N/A,34.0
PED1173,P0203,Barranquilla,ENTREGADO,32.22,2.59,48.0
PED1174,P0301,Bogotá, cancelado,15.87,0.45,37.0
PED1175,P0202,medellin,EN_CAMINO,23.55,1.1,12.0
PED1176, P0302,BARRANQUILLA,ENTREGADO,17.33,3.82,48.0
PED1177,P0204,Cartagena,ENTREGADO,17.57,4.43,11.0
PED1178,P0402,CALI,entregado,13.62,4.59,13.0
PED1179,P0202,cartagena, entregado,27.63,2.91,24.0
PED1180,P0204, Bogotá ,ENTREGADO,33.02,0.11,24.0
PED1181, P0201,MEDELLIN,ENTREGADO,33.16,3.71,52.0
PED1182,P0401,Medellín,Entregado,9.42,0.51,33.0
PED1183,P0602, Bogotá , entregado,31.12,N/A,50.0
PED1184,P0203,Medellin,ENTREGADO,26.86,4.14,28.0
PED1185,P0301,cali,Entregado,11.84,N/A,39.0
PED1186,P0602,Barranquilla,Entregado,6.09,3.55,41.0
PED1187,P0103, Bogotá ,entregado,12.31,0.26,43.0
PED1188,P0103,medellin,Entregado,32.28,N/A,29.0
PED1189,P0203,BOGOTA,EN_CAMINO,23.63,0.05,30.0
PED1190,P0201,Cartagena,entregado,26.35,N/A,31.0
PED1191,P0401,MEDELLIN,entregado,11.97,3.68,15.0
PED1192,P0401,cali,ENTREGADO,26.3,N/A,34.0
PED1193,P0301,CARTAGENA, entregado,4.87,N/A,30.0
PED1194, P0204,medellin,Cancelado,15.63,N/A,42.0
PED1195,P0204,Bogota,entregado,23.43,N/A,36.0
PED1196, P0601,barranquilla, entregado,8.53,2.5,51.0
PED1197,P0401,BARRANQUILLA,ENTREGADO,29.51,5.51,36.0
PED1198,P0602,Cali,Entregado,11.29,1.15,28.0
PED1199,P0601,Medellin,Cancelado,24.22,5.45,36.0
PED1200, P0301, Cali,entregado,16.56,0.39,44.0
PED1201,P0201,Medellin,Entregado,22.48,3.43,14.0
PED1202,P0202, Bogotá ,Entregado,7.33,0.73,26.0
PED1203,P0401,cali,Entregado,4.52,5.28,27.0
PED1204, P0103,Bogotá,En_camino,32.2,2.89,40.0
PED1205,P0201,Medellin,ENTREGADO,12.36,N/A,41.0
PED1206, P0201,CARTAGENA, entregado,29.41,N/A,36.0
PED1207,P0301,Bogota,ENTREGADO,34.98,5.67,8.0
PED1208,P0201, Bogotá ,CANCELADO,10.55,N/A,15.0
PED1209,P0202,CARTAGENA,entregado,12.22,4.03,32.0
PED1210,P0103,CALI,Entregado,24.55,N/A,29.0
PED1211, P0302,barranquilla,ENTREGADO,33.93,4.43,35.0
PED1212,P0301,cartagena,Entregado,32.39,3.76,29.0
PED1213,P0203,Bogotá,ENTREGADO,19.59,0.76,53.0
PED1214, P0302,MEDELLIN,ENTREGADO,28.65,0.8,8.0
PED1215,P0203,BARRANQUILLA,entregado,8.21,1.59,39.0
PED1216,P0204,cali, entregado,34.3,4.32,45.0
PED1217,P0601,barranquilla, entregado,33.89,1.31,
PED1218,P0301,bogota,ENTREGADO,9.08,3.71,44.0
PED1219,P0602,medellin,entregado,13.28,0.62,46.0
PED1220,P0301, Bogotá ,Entregado,7.1,5.34,28.0
PED1221,P0103,Barranquilla,Entregado,12.42,N/A,22.0
PED1222,P0201,Medellín,ENTREGADO,29.29,3.11,11.0
PED1223,P0204,Barranquilla, entregado,15.73,1.89,31.0
PED1224,P0203,Barranquilla,entregado,6.74,4.38,26.0
PED1225,P0203,Bogota, entregado,14.61,3.78,49.0
PED1226,P0402,barranquilla,Entregado,34.42,4.27,32.0
PED1227,P0101,CARTAGENA, entregado,23.52,N/A,23.0
PED1228,P0401,BARRANQUILLA,Entregado,16.9,2.75,21.0
PED1229,P0301,barranquilla,entregado,9.16,N/A,59.0
PED1230,P0601,cali,entregado,34.57,N/A,35.0
PED1231,P0102,CALI,ENTREGADO,29.45,5.32,26.0
PED1232,P0103,Cali,ENTREGADO,12.73,4.5,36.0
PED1233,P0102,Bogotá, entregado,6.17,N/A,58.0
PED1234,P0202,Medellín,entregado,5.76,5.95,30.0
PED1235,P0302,BARRANQUILLA,cancelado,7.73,1.26,43.0
PED1236,P0203, Bogotá ,CANCELADO,22.0,1.4,-5.0
PED1237,P0201,Bogotá,Entregado,32.79,4.68,12.0
PED1238,P0301,Medellin, entregado,19.4,1.37,27.0
PED1239, P0202,cali, entregado,30.13,3.56,48.0
PED1240,P0402,Cali,ENTREGADO,17.82,3.01,27.0
PED1241,P0402,BARRANQUILLA,entregado,25.97,3.36,40.0
PED1242,P0401,CALI,CANCELADO,26.69,3.03,26.0
PED1243,P0204, Cali,ENTREGADO,9.39,N/A,30.0
PED1244,P0201,CALI,CANCELADO,15.2,3.25,28.0
PED1245,P0401,CALI,ENTREGADO,23.76,N/A,43.0
PED1246,P0101,Cali,Entregado,6.19,5.59,37.0
PED1247,P0402,CARTAGENA,Entregado,15.21,2.21,36.0
PED1248,P0402,Medellin,entregado,20.58,N/A,65.0
PED1249,P0602,Medellin,ENTREGADO,34.88,0.68,56.0
PED1250,P0203,CARTAGENA,Entregado,18.71,1.1,11.0
PED1251,P0204,Barranquilla,entregado,29.3,N/A,30.0
PED1252,P0602,cali,EN_CAMINO,17.39,2.3,999.0
PED1253,P0203,BARRANQUILLA, entregado,28.69,2.74,28.0
PED1254,P0202,Barranquilla,En_camino,22.46,N/A,60.0
PED1255,P0103,Bogotá,en_camino,31.48,N/A,30.0
PED1256,P0401,cartagena, entregado,16.74,0.88,32.0
PED1257,P0302,Barranquilla,ENTREGADO,22.73,3.39,45.0
PED1258,P0103,CARTAGENA,ENTREGADO,23.53,5.63,34.0
PED1259,P0201,Barranquilla,CANCELADO,16.94,5.68,41.0
PED1260,P0103,Cartagena,Entregado,8.47,N/A,54.0
PED1261,P0701,Bogotá,entregado,6.9,N/A,44.0
PED1262,P0202,Medellin, entregado,4.52,5.37,37.0
PED1263,P0102,cartagena,entregado,31.08,5.16,55.0
PED1264,P0602,cali,Entregado,11.33,N/A,46.0
PED1265,P0601,MEDELLIN,entregado,10.56,2.54,26.0
PED1266,P0302,cartagena,Entregado,26.82,N/A,
PED1267,P0302,Medellin,CANCELADO,13.92,0.28,43.0
PED1268,P0204,CARTAGENA, entregado,19.69,2.03,32.0
PED1269,P0203,Barranquilla,EN_CAMINO,9.04,3.68,11.0
PED1270,P0601,barranquilla,entregado,33.75,3.97,18.0
PED1271,P0601,barranquilla,CANCELADO,30.4,4.92,
PED1272,P0602, Bogotá , entregado,30.78,0.72,56.0
PED1273,P0401,cartagena,ENTREGADO,16.61,1.71,36.0
PED1274, P0102,cartagena, entregado,27.63,N/A,14.0
PED1275,P0102,medellin, entregado,8.46,5.18,22.0
PED1276,P0601,barranquilla,ENTREGADO,4.27,N/A,16.0
PED1277,P0301,Cartagena,Cancelado,4.62,5.12,15.0
PED1278,P0302, Cali,en_camino,22.18,1.59,59.0
PED1279,P0601,Medellín,Entregado,18.12,1.92,60.0
PED1280,P0401,BOGOTA,Entregado,20.06,0.3,22.0
PED1281,P0204,Cali,ENTREGADO,4.23,N/A,35.0
PED1282,P0204,Cartagena,entregado,17.1,2.67,20.0
PED1283,P0201,Bogotá,cancelado,26.26,N/A,35.0
PED1284,P0103,BARRANQUILLA,Entregado,17.72,N/A,55.0
PED1285,P0201,cali,ENTREGADO,26.7,0.0,48.0
,P0101,Cali,en_camino,11.22,0.48,45.0
PED1287,P0103,medellin,Entregado,29.21,N/A,33.0
PED1288,P0203,cartagena,cancelado,22.24,2.91,50.0
PED1289,P0103,BARRANQUILLA,ENTREGADO,10.53,1.92,43.0
PED1290,P0201,CARTAGENA,ENTREGADO,11.34,3.85,40.0
PED1291,P0201,cali,ENTREGADO,23.47,N/A,34.0
PED1292,P0602,Barranquilla,entregado,29.73,5.25,
PED1293,P0204, Bogotá , entregado,16.88,0.57,
PED1294,P0202,BOGOTA,entregado,12.01,3.64,29.0
PED1295,P0102,BARRANQUILLA, entregado,30.88,0.32,26.0
PED1296,P0601,bogota,ENTREGADO,24.75,N/A,23.0
PED1297,P0202,CALI,Entregado,17.89,1.25,24.0
PED1298,P0103,BARRANQUILLA, entregado,19.12,3.27,33.0
PED1299,P0201,Medellín,ENTREGADO,10.33,N/A,31.0
PED1300,P0201,Cali,ENTREGADO,23.43,5.05,28.0
PED1301,P0103,cali, entregado,15.12,0.47,27.0
PED1302,P0103,bogota,Entregado,34.87,N/A,39.0
PED1303,P0301,Medellin,ENTREGADO,18.89,0.96,52.0
PED1304,P0601,Cali, entregado,19.06,0.95,35.0
PED1305,P0501,CALI,Entregado,21.54,2.18,34.0
PED1306,P0102,barranquilla,Entregado,32.42,0.77,24.0
PED1307,P0204,barranquilla,CANCELADO,28.83,1.65,32.0
PED1308,P0601,cartagena,entregado,17.99,0.24,49.0
PED1309,P0203, Bogotá ,entregado,26.28,5.0,47.0
PED1310,P0101,Cartagena,ENTREGADO,22.17,N/A,47.0
PED1311,P0201,Bogota,Entregado,19.26,0.19,46.0
PED1312,P0201,bogota,EN_CAMINO,9.96,3.16,40.0
PED1313,P0402,cali, entregado,18.38,2.18,40.0
PED1314,P0602,Cartagena,entregado,11.62,N/A,38.0
PED1315,P0302,cartagena, entregado,32.36,0.24,30.0
PED1316,P0101,Medellín,ENTREGADO,14.4,2.66,999.0
PED1317,P0202,CARTAGENA,ENTREGADO,33.52,1.48,38.0
PED1318, P0202,cali,Entregado,20.52,2.89,43.0
PED1319,P0203,MEDELLIN,Entregado,23.58,0.41,36.0
PED1320,P0103,CARTAGENA,Entregado,20.83,N/A,60.0
PED1321,P0302,bogota, entregado,8.01,N/A,20.0
PED1322, P0301,bogota,Entregado,15.65,1.13,44.0
PED1323,P0203,CALI,ENTREGADO,7.07,1.29,35.0
PED1324,P0402,Medellin,Entregado,23.31,5.65,35.0
PED1325,P0601,Cali,en_camino,17.85,2.11,25.0
PED1326, P0103,Barranquilla,Entregado,28.12,N/A,47.0
PED1327,P0103,Cartagena, cancelado,10.83,N/A,43.0
PED1328,P0101,Cartagena,entregado,9.1,N/A,45.0
PED1329, P0203,Cartagena,entregado,16.6,3.2,37.0
PED1330,P0204, Bogotá ,entregado,32.72,2.38,31.0
PED1331, P0601,CALI, entregado,26.02,2.94,34.0
PED1332,P0201,BOGOTA,ENTREGADO,16.99,1.61,40.0
PED1333,P0201,BARRANQUILLA,Entregado,20.04,2.82,11.0
PED1334,P0201,cali,entregado,6.61,5.64,45.0
PED1335,P0201,CALI,cancelado,34.52,0.25,64.0
PED1336,P0602,Barranquilla,entregado,24.66,3.27,41.0
PED1337,P0302,CARTAGENA,ENTREGADO,12.85,N/A,32.0
PED1338, P0102,Cartagena,ENTREGADO,22.16,5.91,33.0
PED1339,P0201,cali, entregado,7.39,1.18,43.0
PED1340,P0102,Medellín,ENTREGADO,33.94,4.23,32.0
PED1341,P0102,BOGOTA,Entregado,9.42,3.24,45.0
PED1342,P0202,Medellín, cancelado,24.09,2.88,33.0
PED1343,P0101,BARRANQUILLA, entregado,11.61,2.96,56.0
PED1344,P0101,MEDELLIN,Entregado,26.24,1.13,
PED1345, P0103,cartagena,Entregado,28.08,4.05,31.0
PED1346,P0301,BARRANQUILLA,En_camino,24.88,0.6,34.0
PED1347,P0201, Cali, entregado,23.05,0.73,35.0
PED1348,P0204,CALI, entregado,31.67,N/A,35.0
PED1349,P0103,cartagena, entregado,6.44,2.42,24.0
PED1350,P0102,cartagena,Entregado,14.26,0.54,22.0
PED1351,P0602,Bogota,Entregado,11.7,1.05,50.0
PED1352,P0301,Bogotá,entregado,34.63,3.37,48.0
PED1353,P0202,Cartagena,ENTREGADO,16.07,1.95,48.0
PED1354,P0201,Cali,entregado,26.71,N/A,34.0
PED1355,P0301,Cali,Entregado,25.23,1.72,58.0
PED1356, P0201,Bogota, entregado,10.57,3.9,35.0
PED1357,P0103,MEDELLIN,Entregado,11.41,N/A,45.0
PED1358,P0402,BARRANQUILLA,ENTREGADO,12.72,3.22,18.0
PED1359,P0103,BARRANQUILLA,entregado,16.74,N/A,32.0
PED1360,P0204,Medellín,entregado,11.26,N/A,33.0
PED1361,P0301,Barranquilla, entregado,4.61,N/A,34.0
PED1362,P0101,Barranquilla,cancelado,31.26,4.12,19.0
PED1363,P0103,cali,cancelado,33.93,N/A,43.0
PED1364,P0402,Medellín,Entregado,14.59,N/A,47.0
PED1365,P0204,MEDELLIN,entregado,14.49,3.43,26.0
PED1366,P0402,medellin,entregado,4.22,2.18,21.0
PED1367,P0401,Cali,entregado,25.09,N/A,26.0
PED1368,P0202,Barranquilla, entregado,29.59,5.82,41.0
PED1369,P0201,Bogota, entregado,8.54,N/A,28.0
PED1370,P0201,Medellin,Entregado,8.95,2.55,33.0
PED1371,P0201,MEDELLIN,entregado,28.49,1.52,22.0
PED1372,P0201,BOGOTA, entregado,23.11,2.91,59.0
PED1373,P0302,Bogotá, entregado,5.39,1.83,36.0
PED1374,P0201,Barranquilla,Entregado,23.3,N/A,49.0
PED1375,P0203,cartagena,ENTREGADO,13.58,N/A,41.0
PED1376, P0602,Bogota,cancelado,15.43,1.18,34.0
PED1377,P0201,cali, en_camino,27.86,2.34,34.0
PED1378,P0602,bogota,Entregado,29.14,2.82,26.0
PED1379,P0203,Medellín,Entregado,16.41,0.6,30.0
PED1380,P0201,BARRANQUILLA,Entregado,33.36,3.98,23.0
PED1381,P0302,Cali, entregado,16.6,1.72,22.0
PED1382,P0103,Cali,entregado,27.93,1.16,60.0
PED1383,P0602,barranquilla,ENTREGADO,19.0,N/A,38.0
PED1384,P0601,Cartagena,entregado,31.82,N/A,53.0
PED1385,P0601,medellin,Entregado,32.14,1.26,25.0
PED1386,P0203,Medellin,Entregado,6.71,N/A,20.0
PED1387, P0202, Bogotá ,ENTREGADO,33.03,N/A,23.0
PED1388,P0601,Cali,entregado,29.59,N/A,30.0
PED1389,P0601,medellin,Entregado,28.53,0.45,35.0
PED1390,P0701,Cartagena,En_camino,10.23,N/A,33.0
PED1391,P0101,Cali,entregado,28.96,2.04,26.0
PED1392,P0204,Cartagena,Entregado,30.35,3.34,36.0
PED1393,P0601,barranquilla,cancelado,12.96,N/A,37.0
PED1394,P0204, Bogotá ,En_camino,33.52,0.7,43.0
PED1395,P0401,Bogota,entregado,5.55,2.62,53.0
PED1396,P0602,cartagena,ENTREGADO,8.65,N/A,31.0
PED1397, P0101, Cali,Entregado,20.67,5.23,50.0
PED1398,P0601,CARTAGENA,ENTREGADO,21.85,3.65,36.0
PED1399,P0601,Bogotá,Entregado,24.0,1.35,17.0
PED1400,P0201,Barranquilla,Entregado,4.53,N/A,56.0
PED1401, P0401,cali, entregado,33.77,2.2,62.0
PED1402, P0102,Medellín,entregado,5.38,2.21,42.0
PED1403,P0602, Cali,ENTREGADO,8.43,2.3,36.0
PED1404,P0203, Bogotá ,ENTREGADO,4.43,3.9,32.0
PED1405,P0401,Bogotá,ENTREGADO,21.57,2.0,29.0
PED1406,P0101,Medellin,entregado,32.9,0.23,50.0
PED1407,P0201,cartagena, entregado,24.64,3.08,35.0
PED1408, P0401,Medellín,ENTREGADO,29.5,2.98,55.0
PED1409,P0201,Bogota,entregado,4.41,0.08,35.0
PED1410, P0203,CALI,Cancelado,20.8,2.68,30.0
PED1411,P0402, Bogotá ,ENTREGADO,18.25,0.83,28.0
PED1412,P0402,cartagena,ENTREGADO,19.47,2.98,26.0
PED1413,P0103,Cartagena, entregado,6.24,4.07,41.0
PED1414, P0301,Medellin,ENTREGADO,25.22,5.77,19.0
PED1415,P0101,BARRANQUILLA,ENTREGADO,19.6,4.84,25.0
PED1416,P0203, Cali,Entregado,27.72,N/A,51.0
PED1417,P0204,Barranquilla,entregado,19.04,2.02,24.0
PED1418,P0301,BARRANQUILLA,entregado,8.63,5.17,45.0
PED1419,P0601, Bogotá , cancelado,24.1,N/A,10.0
PED1420,P0601,cartagena,Entregado,9.34,N/A,52.0
PED1421,P0601,Cali,entregado,31.04,1.28,20.0
PED1422,P0201,Bogota,En_camino,23.01,3.26,24.0
,P0102,Medellin,entregado,8.87,0.75,43.0
PED1424,P0201,barranquilla,Entregado,33.83,N/A,38.0
PED1425,P0103,CARTAGENA, entregado,20.07,5.68,46.0
PED1426,P0101,Cartagena,ENTREGADO,6.26,1.96,20.0
PED1427,P0602,MEDELLIN, entregado,23.43,5.58,32.0
PED1428,P0204, Bogotá ,entregado,11.85,5.97,28.0
PED1429,P0201,medellin, entregado,28.91,N/A,22.0
PED1430,P0202,bogota,ENTREGADO,29.35,N/A,42.0
PED1431,P0601, Bogotá , entregado,34.35,4.92,46.0
PED1432,P0103,Barranquilla,entregado,19.56,N/A,31.0
PED1433,P0201,Cali,entregado,18.1,N/A,53.0
PED1434,P0201,BARRANQUILLA, cancelado,27.36,0.34,26.0
PED1435,P0302,BARRANQUILLA,ENTREGADO,8.11,3.03,53.0
PED1436, P0201, Bogotá , entregado,20.95,4.37,42.0
PED1437,P0602,barranquilla,ENTREGADO,20.93,3.68,20.0
PED1438,P0302, Bogotá ,Entregado,6.77,3.29,59.0
PED1439,P0201,Medellín,ENTREGADO,16.96,1.56,30.0
PED1440,P0201,CALI,Entregado,30.45,N/A,49.0
PED1441,P0701,CARTAGENA, cancelado,30.54,N/A,37.0
PED1442, P0204,cali,ENTREGADO,7.08,N/A,39.0
PED1443, P0204,BOGOTA,Entregado,6.81,5.04,46.0
PED1444,P0602,CARTAGENA,Entregado,12.14,4.73,45.0
PED1445,P0402,Cartagena,Entregado,31.12,2.43,31.0
PED1446,P0501,BOGOTA,entregado,8.0,1.15,41.0
PED1447,P0601,Barranquilla, entregado,26.32,N/A,40.0
PED1448,P0204,barranquilla,Entregado,7.14,5.94,38.0
PED1449,P0201,Cartagena,ENTREGADO,23.32,N/A,33.0
PED1450,P0601,barranquilla,Entregado,15.04,N/A,38.0
PED1451,P0103,Cali,entregado,28.46,1.52,59.0
PED1452,P0101, Cali, cancelado,11.24,4.22,31.0
PED1453,P0401,Bogota,entregado,23.82,2.45,49.0
PED1454,P0201,CARTAGENA,entregado,11.31,2.79,28.0
PED1455,P0102, Cali,entregado,26.12,2.7,24.0
PED1456,P0201,Cali,ENTREGADO,31.08,N/A,74.0
PED1457, P0101,Bogotá, entregado,7.93,3.17,41.0
PED1458,P0201,MEDELLIN, entregado,30.86,4.41,42.0
PED1459,P0201,Barranquilla,ENTREGADO,22.4,0.68,42.0
PED1460,P0201,barranquilla, entregado,7.94,3.0,52.0
PED1461,P0301,BARRANQUILLA,entregado,17.25,5.52,40.0
PED1462,P0601,BARRANQUILLA, entregado,8.99,N/A,45.0
PED1463,P0103,Bogotá,ENTREGADO,25.71,0.23,22.0
PED1464,P0402,BARRANQUILLA,en_camino,27.52,3.25,47.0
PED1465,P0204,cali,ENTREGADO,7.28,N/A,32.0
PED1466,P0203,BARRANQUILLA,Entregado,19.69,0.05,43.0
PED1467,P0602,Bogota,entregado,29.25,N/A,14.0
PED1468, P0203,CALI,en_camino,33.02,4.29,43.0
PED1469,P0402,barranquilla, entregado,19.92,4.23,8.0
PED1470,P0201,Medellin,entregado,33.46,2.37,32.0
PED1471,P0402,Medellin,ENTREGADO,20.61,N/A,15.0
PED1472,P0201,medellin, entregado,16.22,N/A,43.0
PED1473,P0401,cartagena,Entregado,30.29,4.05,36.0
PED1474,P0102,Cali,ENTREGADO,19.28,4.38,26.0
PED1475,P0701,cartagena,En_camino,18.63,0.45,52.0
PED1476,P0201,barranquilla,Entregado,19.2,N/A,24.0
PED1477,P0103,Cali,Entregado,30.25,4.35,8.0
PED1478,P0402, Bogotá ,entregado,29.79,0.71,41.0
PED1479,P0102,Barranquilla,ENTREGADO,16.51,1.26,14.0
PED1480,P0301,BOGOTA,CANCELADO,14.33,N/A,25.0
PED1481,P0302,Medellin,entregado,19.25,1.69,29.0
PED1482,P0101,Medellin, entregado,21.76,1.06,18.0
PED1483,P0103,Barranquilla,Entregado,11.39,5.42,29.0
PED1484,P0103, Cali,ENTREGADO,28.61,4.02,18.0
PED1485,P0401,BOGOTA,entregado,19.08,N/A,37.0
PED1486,P0201,CALI,Entregado,14.36,2.02,20.0
PED1487,P0203,CARTAGENA, entregado,7.31,N/A,35.0
PED1488,P0402,CARTAGENA, en_camino,11.4,1.07,49.0
PED1489,P0401,CARTAGENA,Entregado,33.43,2.38,44.0
PED1490, P0101,MEDELLIN, en_camino,13.46,N/A,34.0
PED1491,P0103,MEDELLIN,ENTREGADO,9.23,1.92,23.0
PED1492,P0203,cartagena,ENTREGADO,18.28,5.83,37.0
PED1493,P0202,CALI,ENTREGADO,13.52,5.17,27.0
PED1494,P0101,Cartagena, entregado,5.09,0.94,37.0
PED1495,P0204, Cali,ENTREGADO,14.02,3.08,14.0
PED1496,P0103,Bogota,entregado,20.87,5.34,45.0
PED1497,P0201,Cali,ENTREGADO,21.1,5.41,35.0
PED1498, P0402,medellin,ENTREGADO,15.05,2.93,62.0
PED1499,P0501,BARRANQUILLA, entregado,17.87,1.95,51.0
PED1500,P0302, Bogotá ,ENTREGADO,33.93,4.0,42.0
PED1501,P0103, Cali,Entregado,15.7,N/A,34.0
PED1502,P0203,CALI,entregado,12.01,3.74,26.0
PED1503,P0602, Bogotá , entregado,11.55,N/A,46.0
PED1504, P0302,Cali,entregado,18.19,N/A,32.0
PED1505,P0202,BOGOTA,Cancelado,27.55,2.0,49.0
PED1506,P0401,cali, entregado,10.39,1.58,40.0
PED1507,P0602,MEDELLIN, entregado,25.99,N/A,40.0
PED1508,P0402,barranquilla,ENTREGADO,4.66,3.09,42.0
PED1509,P0601,cartagena,entregado,16.99,N/A,24.0
PED1510,P0103,CARTAGENA,Entregado,28.05,3.55,23.0
PED1511,P0101,bogota,Entregado,14.5,N/A,22.0
PED1512,P0401,Cali, cancelado,21.48,N/A,48.0
PED1513, P0602,MEDELLIN,ENTREGADO,10.35,N/A,24.0
PED1514,P0201,CARTAGENA, entregado,27.0,4.51,25.0
PED1515,P0201,barranquilla, entregado,5.62,4.3,41.0
PED1516,P0204,bogota, entregado,30.43,2.86,32.0
PED1517,P0601,bogota, entregado,10.14,0.23,30.0
PED1518, P0701,BARRANQUILLA,Entregado,31.11,4.67,29.0
PED1519,P0202,CARTAGENA,Entregado,14.93,2.15,8.0
PED1520,P0103,Barranquilla, en_camino,26.4,N/A,23.0
PED1521,P0204,CARTAGENA, entregado,13.9,4.16,49.0
PED1522,P0402,Barranquilla,ENTREGADO,32.08,2.05,29.0
PED1523,P0602,BARRANQUILLA, cancelado,7.93,3.37,12.0
PED1524,P0602,Cali,Entregado,9.53,3.17,23.0
PED1525,P0101,Medellín,entregado,19.28,3.47,39.0
PED1526,P0101,medellin,Entregado,6.54,5.79,39.0
PED1527,P0203,CALI,CANCELADO,10.08,N/A,31.0
PED1528,P0201,cartagena,Entregado,33.26,N/A,27.0
PED1529,P0602,Bogotá,entregado,34.27,3.18,18.0
PED1530,P0602, Cali, en_camino,15.66,2.89,39.0
PED1531,P0801,Cartagena,entregado,32.62,N/A,45.0
PED1532,P0801,Medellín, cancelado,20.89,4.48,50.0
PED1533,P0103,bogota, en_camino,12.36,1.84,22.0
PED1534,P0601,medellin,Entregado,25.77,0.43,51.0
PED1535,P0402,Bogota,Entregado,24.43,1.54,34.0
PED1536,P0602,cartagena,Entregado,34.66,5.62,35.0
PED1537,P0203,bogota,ENTREGADO,12.22,2.49,46.0
PED1538,P0101,Barranquilla,Entregado,24.83,2.06,29.0
PED1539,P0202,cali,ENTREGADO,5.61,N/A,9.0
PED1540, P0402,bogota,En_camino,7.52,4.5,43.0
PED1541,P0103,MEDELLIN, entregado,4.12,2.13,39.0
PED1542, P0203,BOGOTA,ENTREGADO,34.98,N/A,31.0
PED1543,P0301,Cartagena,entregado,28.87,N/A,42.0
PED1544,P0103,Barranquilla,EN_CAMINO,28.39,4.57,
PED1545, P0204,CALI,ENTREGADO,19.8,5.04,17.0
PED1546,P0201,Barranquilla,en_camino,13.3,N/A,35.0
PED1547,P0301,Medellin,ENTREGADO,8.69,1.42,8.0
PED1548,P0102,MEDELLIN, entregado,12.82,0.43,34.0
PED1549,P0601,cartagena,Entregado,15.66,1.34,31.0
PED1550,P0102,medellin,entregado,27.45,2.56,41.0
PED1551,P0602,Cali,Entregado,20.73,3.32,22.0
PED1552,P0103,Bogotá, entregado,6.4,0.03,30.0
PED1553,P0103,Medellin,entregado,4.56,5.42,8.0
PED1554,P0602,BOGOTA,Entregado,7.17,N/A,42.0
PED1555,P0101,Cartagena,Entregado,16.73,N/A,34.0
PED1556,P0202,Cartagena, cancelado,32.93,5.6,36.0
PED1557,P0201, Cali,Entregado,23.76,3.16,17.0
PED1558,P0601,Cali, entregado,28.86,N/A,40.0
PED1559,P0103, Cali,ENTREGADO,18.46,N/A,55.0
PED1560,P0302,medellin, entregado,15.21,0.53,33.0
PED1561,P0202,Cali,CANCELADO,7.36,5.49,43.0
PED1562,P0202,barranquilla,cancelado,31.15,N/A,25.0
PED1563,P0201,Medellín,Entregado,28.28,0.47,34.0
PED1564,P0204,Cartagena, entregado,9.21,0.98,17.0
PED1565,P0103,barranquilla, entregado,19.88,1.81,44.0
PED1566, P0101,Medellín,Entregado,19.11,3.6,37.0
PED1567,P0101,Medellín,Cancelado,23.38,N/A,20.0
PED1568,P0401,Cartagena,entregado,33.33,1.82,25.0
PED1569,P0204,bogota,entregado,21.97,0.95,36.0
PED1570,P0102,BARRANQUILLA, entregado,20.75,0.77,46.0
PED1571,P0601,bogota,entregado,5.56,1.48,53.0
PED1572,P0101,BARRANQUILLA,EN_CAMINO,5.95,1.57,33.0
PED1573,P0103,Cali,entregado,9.81,5.35,19.0
PED1574,P0602,bogota,entregado,5.01,N/A,38.0
PED1575,P0402, Cali, entregado,27.04,0.53,56.0
PED1576,P0202,CARTAGENA,ENTREGADO,26.42,4.28,16.0
PED1577,P0401,CARTAGENA,entregado,8.22,3.75,24.0
PED1578,P0102,barranquilla,ENTREGADO,29.92,N/A,42.0
PED1579,P0203,Medellin,ENTREGADO,8.8,0.62,37.0
PED1580,P0101,Bogotá,ENTREGADO,13.34,3.02,28.0
PED1581,P0501,barranquilla,Entregado,11.72,1.49,38.0
PED1582,P0102,Cartagena,Entregado,15.54,2.01,47.0
PED1583,P0204,CARTAGENA,Entregado,11.89,N/A,34.0
PED1584,P0301,Bogota,Entregado,19.16,4.82,33.0
PED1585,P0203,Cartagena, entregado,16.63,3.11,42.0
PED1586,P0201,BARRANQUILLA,entregado,34.58,0.18,32.0
PED1587,P0202,Cartagena,Entregado,5.73,0.08,49.0
PED1588,P0202,Medellín, entregado,8.41,2.94,0.0
PED1589,P0202,Cartagena,entregado,5.64,5.55,24.0
PED1590,P0202,barranquilla,Entregado,23.4,N/A,20.0
PED1591,P0301,CALI,entregado,5.69,3.29,39.0
PED1592,P0202,BARRANQUILLA,Entregado,29.93,N/A,20.0
PED1593,P0204,cali, entregado,19.87,3.91,19.0
PED1594, P0401,barranquilla,ENTREGADO,20.34,0.0,10.0
PED1595,P0102,Bogotá,ENTREGADO,21.41,0.99,30.0
PED1596,P0301,cartagena,cancelado,9.3,N/A,35.0
PED1597,P0202,MEDELLIN, entregado,10.13,N/A,29.0
PED1598,P0202,Cartagena,ENTREGADO,13.88,N/A,52.0
PED1599,P0201,cali,Entregado,22.4,N/A,51.0
PED1600,P0202,bogota,ENTREGADO,10.51,1.89,58.0
PED1601,P0203,barranquilla,entregado,7.61,N/A,36.0
PED1602,P0202,CARTAGENA,entregado,34.07,N/A,49.0
PED1603,P0201,Cartagena, cancelado,4.68,5.13,39.0
PED1604,P0201,cali,entregado,28.88,N/A,38.0
PED1605,P0101,MEDELLIN,EN_CAMINO,28.43,N/A,29.0
PED1606,P0202,CALI,ENTREGADO,13.21,N/A,0.0
PED1607,P0204,Bogota,ENTREGADO,8.2,N/A,43.0
PED1608,P0102, Cali,ENTREGADO,8.51,N/A,49.0
PED1609,P0302,MEDELLIN, entregado,25.62,1.38,17.0
PED1610, P0201,Bogota,Entregado,23.93,1.52,35.0
PED1611,P0601,barranquilla,Entregado,28.27,5.44,47.0
PED1612,P0103,bogota, entregado,33.06,2.13,31.0
PED1613,P0201,Cartagena,en_camino,25.45,2.47,49.0
PED1614,P0602,Bogota,Cancelado,8.83,2.71,33.0
PED1615,P0401,bogota,entregado,11.55,5.66,29.0
PED1616,P0201,Barranquilla,Entregado,30.11,3.36,50.0
PED1617,P0203,BOGOTA,entregado,10.49,N/A,24.0
PED1618,P0601,CALI, entregado,6.25,N/A,26.0
PED1619,P0601,BOGOTA,ENTREGADO,25.8,1.24,24.0
PED1620,P0202,CARTAGENA,entregado,16.48,0.95,21.0
PED1621,P0202,Bogota,ENTREGADO,32.52,3.63,37.0
PED1622,P0204,medellin,entregado,24.16,2.3,29.0
PED1623,P0102,Bogotá,en_camino,6.8,3.41,41.0
PED1624,P0103,Bogotá,entregado,33.38,0.4,14.0
PED1625,P0204,Barranquilla,en_camino,12.02,4.92,22.0
PED1626,P0101,Cali,entregado,14.45,4.99,36.0
PED1627,P0601, Bogotá ,ENTREGADO,16.47,0.71,53.0
PED1628,P0201,cartagena,entregado,5.59,N/A,40.0
PED1629,P0203,Bogota,ENTREGADO,19.39,4.19,28.0
PED1630,P0302,CALI, entregado,7.82,1.77,17.0
PED1631,P0401,BARRANQUILLA,Entregado,16.43,2.53,27.0
PED1632,P0102,bogota,entregado,14.87,1.39,240.0
PED1633,P0103, Cali,Entregado,27.96,N/A,8.0
PED1634,P0201, Cali,ENTREGADO,28.9,N/A,20.0
PED1635,P0101,Medellin, entregado,8.76,N/A,26.0
PED1636,P0103,Medellin, entregado,15.36,N/A,240.0
PED1637,P0203,barranquilla, entregado,15.57,N/A,34.0
PED1638,P0203,cartagena,Entregado,8.69,1.9,28.0
PED1639,P0204,Bogota,ENTREGADO,28.75,1.16,41.0
PED1640,P0201,bogota,en_camino,25.92,2.15,36.0
PED1641,P0204,Cartagena,entregado,9.9,N/A,31.0
PED1642,P0202,cartagena,ENTREGADO,15.37,0.19,43.0
PED1643,P0204,CARTAGENA,Entregado,7.28,5.35,42.0
PED1644,P0201,cali,entregado,23.47,3.26,18.0
PED1645, P0401,barranquilla,ENTREGADO,7.76,2.32,35.0
PED1646,P0103,CALI,entregado,34.56,0.27,46.0
PED1647,P0301, Bogotá , entregado,28.2,N/A,48.0
PED1648,P0601,barranquilla,entregado,16.1,3.3,39.0
PED1649,P0102,Medellín,Entregado,21.94,0.63,32.0
PED1650,P0201,Cali,ENTREGADO,32.25,1.26,40.0
PED1651,P0103,cartagena,Entregado,21.18,1.9,45.0
PED1652,P0103,CALI,EN_CAMINO,9.41,0.9,36.0
PED1653,P0601,cali, entregado,15.74,4.81,38.0
PED1654,P0101,Medellín,ENTREGADO,30.14,2.94,32.0
PED1655,P0202,Barranquilla,entregado,23.97,4.24,19.0
PED1656, P0203, Bogotá ,entregado,24.17,1.55,
PED1657,P0204,cartagena, en_camino,30.87,3.46,27.0
PED1658,P0301,cartagena,ENTREGADO,31.71,N/A,27.0
PED1659,P0103,Barranquilla, cancelado,32.51,N/A,52.0
PED1660,P0204,Bogotá,cancelado,6.94,0.26,46.0
PED1661,P0501, Bogotá ,Entregado,20.87,0.78,15.0
PED1662, P0103,CARTAGENA, entregado,26.96,2.37,22.0
PED1663,P0203,Cali,Entregado,27.46,5.28,31.0
PED1664,P0201,Medellín,En_camino,22.81,3.22,27.0
PED1665,P0202,bogota,ENTREGADO,9.17,N/A,39.0
PED1666,P0203,cartagena, entregado,28.72,N/A,20.0
PED1667,P0202,MEDELLIN,Entregado,26.32,N/A,47.0
PED1668,P0202,Barranquilla,Entregado,6.67,0.73,34.0
PED1669,P0203,CARTAGENA,ENTREGADO,18.38,N/A,31.0
PED1670,P0202, Cali,ENTREGADO,9.39,3.89,35.0
PED1671,P0401,Cartagena,cancelado,14.46,1.07,30.0
PED1672,P0201,medellin,Entregado,4.56,N/A,11.0
PED1673,P0102,Medellin,cancelado,16.41,1.56,35.0
PED1674, P0101,BOGOTA,Entregado,21.05,5.18,31.0
PED1675,P0501,CARTAGENA,entregado,23.21,1.01,24.0
PED1676,P0201,BOGOTA,ENTREGADO,24.57,4.62,48.0
PED1677,P0101,Medellin, entregado,29.93,2.02,43.0
PED1678,P0402,BARRANQUILLA,ENTREGADO,10.68,N/A,64.0
PED1679,P0602,Bogotá,entregado,7.73,N/A,45.0
PED1680,P0602,MEDELLIN,entregado,30.4,3.51,27.0
PED1681,P0203,Barranquilla, en_camino,8.85,2.85,24.0
PED1682,P0202,bogota,Entregado,34.22,3.85,29.0
PED1683,P0301, Bogotá ,entregado,30.12,0.98,27.0
PED1684,P0401,cali,entregado,19.53,0.85,36.0
PED1685,P0103,MEDELLIN,entregado,34.42,4.37,17.0
PED1686,P0103,bogota, entregado,7.02,1.67,43.0
PED1687,P0203,Medellín,EN_CAMINO,13.4,0.38,36.0
PED1688,P0601,MEDELLIN,cancelado,23.78,0.34,41.0
PED1689,P0202,medellin, cancelado,14.85,3.18,21.0
PED1690,P0204,Cali,en_camino,32.78,4.99,38.0
PED1691,P0101,barranquilla,Entregado,6.03,N/A,51.0
PED1692,P0102, Bogotá , entregado,21.03,N/A,25.0
PED1693,P0203,barranquilla,entregado,22.32,1.89,24.0
PED1694,P0201,barranquilla, entregado,24.23,N/A,-5.0
PED1695,P0103,MEDELLIN,entregado,11.93,3.59,23.0
PED1696,P0203,CARTAGENA,ENTREGADO,15.3,N/A,32.0
PED1697,P0103,CALI,entregado,30.15,N/A,53.0
PED1698,P0202,CALI, entregado,10.04,N/A,25.0
PED1699,P0102,Bogota,Entregado,29.63,5.37,54.0
PED1700,P0103,bogota,Entregado,21.44,3.82,31.0
PED1701,P0201,barranquilla,Entregado,27.63,N/A,22.0
PED1702,P0204,BARRANQUILLA,entregado,26.12,3.1,42.0
PED1703,P0202,Cartagena,ENTREGADO,10.43,N/A,36.0
PED1704,P0201,CALI,entregado,21.63,4.54,35.0
PED1705,P0701,BOGOTA,Entregado,30.9,4.26,26.0
PED1706,P0204,cartagena, entregado,17.4,N/A,-1.0
PED1707,P0601,CALI,Entregado,33.96,N/A,10.0
PED1708,P0203, Cali, entregado,18.02,1.32,38.0
PED1709,P0301,cartagena,ENTREGADO,8.43,4.69,51.0
PED1710,P0601,BARRANQUILLA, entregado,16.07,2.72,14.0
PED1711,P0103,Bogotá,entregado,33.5,5.03,30.0
PED1712, P0102,Barranquilla,entregado,13.91,1.37,25.0
PED1713,P0101,Bogotá,entregado,30.91,N/A,17.0
PED1714,P0204,barranquilla, entregado,31.32,0.7,10.0
PED1715,P0401,Bogota,entregado,14.86,N/A,21.0
PED1716, P0602,barranquilla,entregado,6.58,N/A,32.0
PED1717,P0402,BOGOTA,entregado,26.46,5.45,49.0
PED1718,P0201,Barranquilla,ENTREGADO,13.66,N/A,17.0
PED1719,P0601,CARTAGENA, entregado,28.27,4.12,39.0
PED1720,P0402,Medellín, entregado,17.72,N/A,38.0
PED1721, P0202,BOGOTA,Entregado,19.04,3.41,55.0
PED1722,P0201,medellin, entregado,28.12,4.54,42.0
PED1723,P0601,medellin,ENTREGADO,15.85,N/A,43.0
PED1724,P0103,barranquilla, entregado,17.74,0.24,43.0
PED1725,P0602,cartagena,ENTREGADO,15.66,2.69,24.0
PED1726,P0202, Bogotá ,ENTREGADO,15.39,1.33,28.0
PED1727,P0601,Barranquilla, entregado,20.3,4.63,48.0
PED1728,P0202,Cali,En_camino,29.07,3.71,10.0
PED1729,P0202,CALI,entregado,15.21,5.36,27.0
PED1730, P0202, Cali,entregado,20.25,5.05,19.0
PED1731,P0602,Barranquilla, entregado,24.79,2.46,38.0
PED1732,P0301,Cali, entregado,12.35,N/A,30.0
PED1733,P0102,BOGOTA,ENTREGADO,12.6,4.96,43.0
PED1734,P0204,Medellín, entregado,32.94,N/A,34.0
PED1735,P0602,cartagena,ENTREGADO,26.43,4.84,360.0
PED1736,P0101,Bogotá,Cancelado,21.89,3.85,17.0
PED1737,P0602,barranquilla, entregado,24.08,N/A,-1.0
PED1738,P0101,Bogota,entregado,4.91,N/A,
PED1739,P0204,cartagena,cancelado,23.16,0.59,29.0
PED1740,P0101,Medellín, entregado,19.79,N/A,46.0
PED1741,P0203,Cali,CANCELADO,20.92,2.08,44.0
PED1742,P0601,medellin,entregado,15.14,5.88,57.0
PED1743,P0102,Medellin,ENTREGADO,6.53,N/A,31.0
PED1744,P0203, Cali, entregado,9.99,N/A,27.0
PED1745,P0401,MEDELLIN, entregado,33.47,2.71,40.0
PED1746,P0204,MEDELLIN,cancelado,16.67,N/A,28.0
PED1747,P0103, Cali, entregado,18.47,0.19,29.0
PED1748,P0401,cali,Entregado,5.63,0.83,33.0
PED1749,P0103,CARTAGENA,Entregado,5.16,N/A,55.0
PED1750,P0201,CALI,entregado,26.23,N/A,43.0
PED1751,P0402,bogota,Entregado,20.68,4.16,45.0
PED1752,P0103,CALI,ENTREGADO,19.77,2.39,54.0
PED1753,P0204,Medellin,entregado,11.54,1.41,46.0
PED1754,P0202,Bogotá,entregado,27.09,3.31,21.0
PED1755,P0601,Cali,ENTREGADO,9.22,1.54,46.0
PED1756,P0103, Bogotá ,Entregado,9.89,1.02,47.0
PED1757,P0103,Barranquilla,Entregado,18.28,0.09,43.0
PED1758,P0401,Cartagena,Entregado,12.87,2.0,33.0
PED1759,P0601,Medellín,entregado,11.67,3.42,42.0
PED1760,P0202,Cali,entregado,24.0,2.49,35.0
PED1761, P0203,Medellin,Entregado,24.18,4.12,23.0
PED1762,P0203,medellin, entregado,29.56,1.5,26.0
PED1763,P0601, Cali,Entregado,16.95,3.51,43.0
PED1764,P0201,Medellín,ENTREGADO,6.27,2.92,24.0
PED1765,P0103,BARRANQUILLA,entregado,12.48,0.85,25.0
PED1766,P0601,barranquilla,ENTREGADO,34.38,N/A,44.0
PED1767,P0602,cartagena,ENTREGADO,22.48,N/A,37.0
PED1768,P0204,BARRANQUILLA,entregado,26.0,3.96,42.0
PED1769,P0602,medellin, en_camino,4.23,4.38,20.0
PED1770,P0201,CALI,Entregado,20.06,N/A,42.0
PED1771,P0602,Bogotá,ENTREGADO,5.16,5.18,27.0
PED1772,P0202,BARRANQUILLA,cancelado,21.65,3.52,999.0
PED1773,P0101,cartagena,ENTREGADO,32.54,3.19,29.0
PED1774,P0601,barranquilla,Entregado,34.02,0.5,51.0
PED1775,P0202,bogota, entregado,20.76,N/A,31.0
PED1776,P0203,Medellin, entregado,18.2,3.51,61.0
PED1777,P0302,Bogotá, en_camino,33.3,5.93,10.0
PED1778,P0302,Cartagena,en_camino,24.88,0.28,16.0
PED1779,P0301,BOGOTA,entregado,6.01,3.63,51.0
PED1780,P0302,Barranquilla, entregado,18.44,N/A,54.0
PED1781, P0103,medellin,Cancelado,11.45,4.45,25.0
PED1782,P0203,Cali,Entregado,18.56,3.0,36.0
PED1783,P0204,barranquilla,entregado,18.12,5.84,44.0
PED1784,P0202, Cali, cancelado,22.05,2.45,32.0
PED1785,P0401,Cartagena,Entregado,15.06,N/A,37.0
PED1786,P0103,barranquilla,Entregado,9.09,1.45,35.0
PED1787, P0101,medellin,Entregado,19.62,N/A,17.0
PED1788,P0101,Bogotá,cancelado,29.74,1.74,31.0
PED1789,P0402,cartagena, entregado,24.58,0.71,35.0
PED1790,P0202,Medellín,ENTREGADO,14.49,1.7,36.0
PED1791,P0103,Bogotá, entregado,33.0,N/A,14.0
PED1792,P0102,CARTAGENA, entregado,32.28,N/A,44.0
PED1793,P0103,Medellin,entregado,10.49,5.2,37.0
PED1794,P0201,MEDELLIN,Entregado,5.22,N/A,22.0
PED1795,P0602,Bogota,Entregado,26.98,3.65,57.0
PED1796,P0401,Cartagena,entregado,29.66,2.24,31.0
PED1797,P0103,bogota,en_camino,34.0,0.38,32.0
PED1798,P0302,cartagena,entregado,31.58,5.78,43.0
PED1799,P0401,Bogotá,en_camino,22.62,1.73,58.0
PED1800,P0302,medellin,entregado,20.43,N/A,43.0
PED1801,P0202, Bogotá ,ENTREGADO,4.86,3.87,45.0
PED1802,P0103,CALI, entregado,11.65,5.71,23.0
PED1803,P0103,Bogota, entregado,18.25,N/A,36.0
PED1804,P0101,cartagena, en_camino,23.48,5.53,29.0
PED1805,P0601,cartagena,Entregado,21.27,1.51,43.0
PED1806,P0401,CARTAGENA,ENTREGADO,27.02,4.94,45.0
PED1807,P0401,barranquilla, entregado,12.67,N/A,55.0
PED1808,P0101,Cartagena,Entregado,21.51,4.77,9.0
PED1809,P0201,CARTAGENA,ENTREGADO,6.73,N/A,27.0
PED1810,P0501,CARTAGENA,ENTREGADO,16.82,2.31,51.0
PED1811,P0602,BARRANQUILLA,Entregado,27.25,4.7,18.0
PED1812,P0201,Bogota,ENTREGADO,25.5,0.76,45.0
PED1813,P0401, Cali,Entregado,34.71,2.89,49.0
PED1814,P0602,medellin, entregado,12.61,2.18,35.0
PED1815,P0102,MEDELLIN,Entregado,19.44,N/A,
PED1816,P0103,barranquilla,ENTREGADO,14.22,2.62,34.0
PED1817,P0101,BARRANQUILLA, entregado,17.66,N/A,53.0
PED1818,P0201,BOGOTA, entregado,30.57,4.82,53.0
PED1819,P0204,barranquilla,entregado,25.21,1.79,37.0
PED1820,P0601,CALI,entregado,31.36,1.73,23.0
PED1821,P0201,barranquilla,CANCELADO,10.31,N/A,56.0
PED1822, P0204,Cartagena,Entregado,31.07,0.24,45.0
PED1823,P0101,Bogota,Entregado,5.85,N/A,24.0
PED1824,P0103,cali,CANCELADO,31.55,N/A,39.0
PED1825,P0401,Medellín, cancelado,14.2,N/A,39.0
PED1826,P0204,Medellin,ENTREGADO,13.75,N/A,27.0
PED1827,P0204,CARTAGENA,EN_CAMINO,19.87,1.73,39.0
PED1828,P0601,medellin, entregado,33.16,N/A,48.0
PED1829,P0101,CARTAGENA,Entregado,5.48,N/A,31.0
PED1830,P0203,BOGOTA,ENTREGADO,14.92,3.12,49.0
PED1831,P0101,cartagena,Entregado,30.55,5.24,14.0
PED1832,P0202,Cartagena,ENTREGADO,16.28,2.01,62.0
PED1833,P0202,Cartagena, entregado,10.17,N/A,36.0
PED1834,P0102,cartagena, entregado,17.17,1.9,48.0
PED1835,P0101,Medellin,entregado,15.95,1.74,38.0
PED1836,P0401,Cartagena, cancelado,32.38,0.4,25.0
PED1837,P0204,Medellin,entregado,27.62,N/A,35.0
PED1838,P0103,cali,CANCELADO,19.66,5.62,12.0
PED1839,P0301,Medellin,Cancelado,34.64,3.98,43.0
PED1840,P0201,Cartagena, entregado,18.42,N/A,37.0
PED1841,P0301,Bogota, entregado,5.81,N/A,33.0
PED1842,P0202,Cali, entregado,12.13,N/A,44.0
PED1843,P0402,Cali,EN_CAMINO,17.52,0.95,35.0
PED1844,P0202,cali,entregado,8.86,N/A,42.0
PED1845,P0101,Cartagena,ENTREGADO,33.37,0.1,47.0
PED1846,P0201, Cali,Entregado,27.77,2.28,28.0
PED1847,P0801,Medellín,ENTREGADO,12.32,3.38,25.0
PED1848,P0102, Bogotá ,Entregado,22.31,1.77,14.0
PED1849,P0103,Bogota, entregado,26.36,5.23,36.0
PED1850,P0201,Cartagena,Entregado,33.18,N/A,40.0
PED1851,P0601,bogota,Entregado,31.33,N/A,19.0
PED1852,P0202,barranquilla,cancelado,19.97,2.1,52.0
PED1853,P0401,Bogotá,Entregado,28.01,2.16,25.0
PED1854,P0202,cali,En_camino,21.43,N/A,10.0
PED1855, P0202,Medellin,ENTREGADO,21.13,3.15,53.0
PED1856,P0201,cartagena, entregado,7.56,N/A,
PED1857,P0102,cali,ENTREGADO,7.91,4.78,47.0
PED1858,P0103,CARTAGENA,ENTREGADO,20.42,0.58,44.0
PED1859,P0201,BOGOTA, en_camino,12.33,4.22,39.0
PED1860,P0601, Cali, entregado,4.65,3.77,29.0
PED1861,P0101,Medellín,Cancelado,26.41,N/A,41.0
PED1862,P0102,barranquilla,Entregado,5.01,4.06,48.0
PED1863,P0101, Bogotá ,entregado,22.45,N/A,23.0
PED1864,P0101,Barranquilla,ENTREGADO,20.72,2.0,47.0
PED1865,P0103,Bogotá, entregado,34.03,1.3,46.0
PED1866,P0202,MEDELLIN,Entregado,19.01,5.48,39.0
PED1867,P0202,Cartagena, cancelado,5.97,5.53,29.0
PED1868,P0602,Barranquilla,Entregado,21.1,0.06,46.0
PED1869,P0402,CALI,entregado,30.07,2.48,41.0
PED1870,P0204,cartagena,entregado,34.9,1.51,23.0
PED1871,P0203,cali, entregado,17.34,3.68,31.0
PED1872,P0301,cali,cancelado,13.93,0.51,45.0
PED1873,P0101,barranquilla, entregado,32.11,N/A,
PED1874, P0201,barranquilla,Entregado,9.93,0.13,48.0
PED1875,P0202,medellin,CANCELADO,23.08,0.08,31.0
PED1876,P0302, Cali,entregado,16.58,2.19,23.0
PED1877,P0301,CALI,Entregado,5.27,4.18,61.0
PED1878,P0201,CALI,ENTREGADO,14.77,0.65,15.0
PED1879,P0203,Bogota,ENTREGADO,12.22,N/A,29.0
PED1880,P0203,barranquilla,ENTREGADO,25.27,3.12,38.0
PED1881,P0301,BARRANQUILLA,Entregado,33.41,3.06,47.0
PED1882,P0201,cartagena,Cancelado,12.31,2.39,43.0
PED1883,P0201, Bogotá , cancelado,29.16,N/A,63.0
PED1884,P0601,BOGOTA,ENTREGADO,5.72,5.86,
PED1885,P0202,Medellin,ENTREGADO,20.68,1.98,25.0
PED1886,P0301,CARTAGENA,CANCELADO,6.19,5.08,32.0
PED1887,P0203,Medellín, entregado,32.96,0.11,31.0
PED1888,P0201,bogota,ENTREGADO,27.76,N/A,34.0
PED1889,P0203,cartagena,Entregado,24.4,5.82,23.0
PED1890,P0302,Barranquilla,CANCELADO,29.54,0.43,44.0
PED1891,P0602,cali,entregado,24.07,N/A,39.0
PED1892,P0602,Barranquilla,Entregado,34.04,5.05,20.0
PED1893, P0101,BARRANQUILLA, entregado,26.13,3.87,47.0
PED1894,P0301,CARTAGENA,CANCELADO,32.66,N/A,25.0
PED1895,P0202,bogota,entregado,20.03,4.73,21.0
PED1896,P0203,CARTAGENA, en_camino,7.63,N/A,36.0
PED1897,P0401,BARRANQUILLA, entregado,20.37,1.29,14.0
PED1898,P0201,Cartagena,Entregado,7.93,N/A,42.0
PED1899,P0201,Medellín, entregado,22.37,N/A,8.0
PED1900,P0202,Medellin, entregado,18.96,N/A,23.0
PED1901,P0201,cartagena, en_camino,23.3,2.51,54.0
PED1902,P0202,Cali, entregado,4.31,2.86,27.0
PED1903,P0103,cartagena,ENTREGADO,10.04,N/A,29.0
PED1904, P0101,MEDELLIN,ENTREGADO,19.23,N/A,50.0
PED1905,P0401,BARRANQUILLA,ENTREGADO,33.47,2.37,25.0
PED1906,P0602,barranquilla,ENTREGADO,15.89,N/A,44.0
PED1907,P0204,BOGOTA,entregado,17.16,4.48,49.0
PED1908,P0203,MEDELLIN,EN_CAMINO,26.16,2.97,41.0
PED1909,P0204,barranquilla, entregado,22.72,N/A,18.0
PED1910,P0103,medellin,ENTREGADO,13.27,1.24,28.0
PED1911,P0203,MEDELLIN,ENTREGADO,16.74,0.39,68.0
PED1912,P0103,Bogota,Entregado,10.75,0.76,29.0
PED1913,P0101,CALI, entregado,33.95,5.19,71.0
PED1914,P0103,CALI,CANCELADO,8.05,4.47,56.0
PED1915,P0101,Cartagena,ENTREGADO,15.53,4.82,41.0
PED1916,P0203,Cartagena,ENTREGADO,4.8,4.71,39.0
PED1917,P0402,MEDELLIN,entregado,10.88,5.65,29.0
PED1918,P0601,cartagena,EN_CAMINO,28.19,2.78,34.0
PED1919, P0202,barranquilla,Entregado,10.24,4.93,27.0
PED1920,P0602,medellin, entregado,6.48,1.08,34.0
PED1921,P0102,cartagena, entregado,18.71,5.81,19.0
PED1922,P0401,barranquilla,ENTREGADO,4.31,4.87,18.0
PED1923,P0601,BARRANQUILLA,ENTREGADO,6.63,N/A,51.0
PED1924,P0101,Cartagena,ENTREGADO,29.04,3.88,16.0
PED1925,P0201,Barranquilla, entregado,27.92,0.3,46.0
PED1926,P0203,cartagena, entregado,32.37,3.29,12.0
PED1927,P0103,Cartagena,cancelado,30.49,N/A,43.0
PED1928,P0301,cali,Entregado,25.18,1.69,33.0
PED1929,P0203,CARTAGENA,entregado,5.62,0.31,51.0
PED1930, P0202,Medellín,Entregado,28.27,N/A,31.0
PED1931,P0602,bogota,entregado,30.21,0.8,11.0
PED1932,P0501,cartagena, entregado,28.77,N/A,33.0
PED1933,P0102,CARTAGENA,entregado,19.76,3.1,37.0
PED1934,P0202,MEDELLIN,Entregado,11.22,2.68,33.0
PED1935,P0203,Cali,ENTREGADO,30.21,3.71,42.0
,P0201,CARTAGENA,En_camino,26.54,N/A,28.0
PED1937,P0401, Cali,ENTREGADO,34.4,N/A,20.0
PED1938,P0201,barranquilla, en_camino,8.83,2.38,23.0
PED1939,P0103,cartagena,Entregado,11.0,3.48,29.0
PED1940,P0203, Cali,entregado,10.57,1.02,29.0
PED1941,P0103,CARTAGENA,Entregado,28.57,N/A,64.0
PED1942,P0301,Cali,ENTREGADO,9.79,2.54,50.0
PED1943,P0602,cali, entregado,6.07,1.02,43.0
PED1944,P0202,Cartagena,entregado,34.96,5.12,40.0
PED1945,P0201,bogota,Cancelado,4.77,N/A,39.0
PED1946,P0202,barranquilla,CANCELADO,29.89,5.85,39.0
PED1947,P0401,Cali,entregado,15.33,3.57,37.0
PED1948,P0602,CALI, entregado,30.09,N/A,35.0
PED1949,P0103,CALI,entregado,21.19,0.54,10.0
PED1950,P0103,Barranquilla, entregado,31.95,4.29,31.0
PED1951,P0301,CALI,entregado,32.71,4.22,32.0
PED1952,P0202,Medellin,En_camino,4.28,2.7,26.0
PED1953, P0401,barranquilla,ENTREGADO,6.34,5.74,28.0
PED1954,P0101,CALI,Entregado,11.76,5.59,39.0
PED1955,P0204,cali,Entregado,24.75,3.23,44.0
PED1956,P0102,Cartagena, entregado,31.54,1.26,39.0
PED1957,P0201,CARTAGENA, entregado,18.26,N/A,44.0
PED1958,P0202,Cali, entregado,22.82,N/A,44.0
PED1959,P0601,Barranquilla,Entregado,9.84,2.28,31.0
PED1960,P0201,cartagena,entregado,28.95,5.88,41.0
PED1961, P0103,cali,entregado,33.99,2.71,14.0
PED1962,P0203,MEDELLIN,En_camino,12.33,N/A,30.0
PED1963,P0101,cartagena,Entregado,19.34,N/A,29.0
PED1964,P0203, Bogotá ,ENTREGADO,6.67,3.42,53.0
PED1965,P0204,cali, entregado,21.33,0.9,39.0
PED1966,P0302,CALI, entregado,19.59,1.52,19.0
PED1967,P0203,medellin,Entregado,8.48,N/A,42.0
PED1968, P0103,Barranquilla,Entregado,17.7,N/A,46.0
PED1969,P0102,Cali,entregado,14.36,N/A,34.0
PED1970,P0301,Cali,Entregado,20.18,0.7,43.0
PED1971,P0402,BARRANQUILLA,entregado,22.16,1.85,8.0
PED1972,P0601,BARRANQUILLA,Entregado,4.26,N/A,8.0
PED1973,P0202,BOGOTA,CANCELADO,27.59,N/A,21.0
PED1974,P0201,BARRANQUILLA,CANCELADO,26.1,0.38,37.0
PED1975,P0203,bogota,entregado,15.35,5.77,53.0
PED1976,P0103,Cali, entregado,5.64,N/A,21.0
PED1977,P0201,medellin,ENTREGADO,27.4,0.13,25.0
PED1978,P0102,Medellín,en_camino,33.61,2.48,36.0
PED1979,P0103,Cali,Entregado,11.44,N/A,29.0
PED1980, P0204,Barranquilla,En_camino,14.03,N/A,28.0
PED1981,P0601,bogota,entregado,9.7,2.5,30.0
PED1982,P0201,Bogota, entregado,21.89,N/A,51.0
PED1983,P0201,MEDELLIN,entregado,8.8,3.39,48.0
PED1984,P0601,Cali,en_camino,15.04,0.7,35.0
PED1985,P0102,Barranquilla,CANCELADO,25.61,4.04,55.0
PED1986,P0302,BARRANQUILLA,entregado,21.36,N/A,41.0
PED1987,P0101,medellin,entregado,15.98,2.65,49.0
PED1988,P0203,Bogotá,Entregado,17.03,0.85,
PED1989,P0602,Medellín,ENTREGADO,21.43,2.29,27.0
PED1990,P0601,Medellín,Entregado,4.18,1.98,27.0
PED1991,P0302,bogota,Entregado,6.43,5.41,34.0
PED1992,P0203,cali, entregado,31.32,N/A,36.0
PED1993,P0103,BARRANQUILLA, entregado,6.41,5.97,39.0
PED1994, P0204,BARRANQUILLA,CANCELADO,25.91,N/A,59.0
PED1995,P0201, Cali,ENTREGADO,32.52,3.12,44.0
PED1996,P0401,MEDELLIN, entregado,12.39,N/A,29.0
PED1997,P0202,Cartagena, entregado,15.49,N/A,35.0
PED1998,P0402,Medellin, entregado,21.64,N/A,53.0
PED1999,P0101,BOGOTA, entregado,31.33,N/A,44.0
PED2000,P0202,BARRANQUILLA, entregado,33.2,1.03,53.0
PED2001,P0103,medellin,Entregado,26.93,4.23,29.0
PED2002, P0602,barranquilla,ENTREGADO,6.69,N/A,26.0
PED2003,P0601,Barranquilla,Entregado,24.74,3.92,27.0
PED2004,P0601,MEDELLIN,Entregado,16.72,0.02,30.0
PED2005,P0301, Bogotá ,cancelado,18.59,N/A,22.0
PED2006,P0302,barranquilla,Cancelado,5.52,5.59,39.0
PED2007,P0602,cali, entregado,9.92,4.59,39.0
PED2008,P0203,cartagena, entregado,28.51,N/A,240.0
PED2009,P0102,Cali,entregado,18.07,1.39,14.0
PED2010,P0203,bogota,en_camino,13.35,N/A,24.0
PED2011, P0701, Cali,entregado,15.9,0.81,45.0
PED2012,P0402,CARTAGENA,entregado,30.49,5.63,37.0
PED2013,P0201,Bogota,entregado,27.22,N/A,36.0
PED2014,P0302,CARTAGENA,Entregado,12.44,5.97,50.0
PED2015,P0401,barranquilla,entregado,7.64,1.02,23.0
PED2016,P0202,cartagena,Entregado,11.81,2.55,26.0
PED2017, P0103,Barranquilla,ENTREGADO,32.54,1.68,25.0
PED2018,P0401,BOGOTA,entregado,22.03,0.92,11.0
PED2019,P0201,cartagena,entregado,20.54,0.0,37.0
PED2020,P0302,CALI,Entregado,22.49,5.5,29.0
PED2021,P0203,medellin,CANCELADO,15.35,N/A,26.0
PED2022,P0401,BARRANQUILLA,Entregado,29.02,N/A,24.0
PED2023,P0402,medellin,Cancelado,20.22,4.28,35.0
PED2024,P0402,BARRANQUILLA,entregado,7.62,1.92,25.0
PED2025,P0102,Medellín, entregado,8.0,N/A,38.0
PED2026,P0602,barranquilla, en_camino,20.64,5.54,41.0
PED2027,P0602,cartagena,Entregado,33.03,5.08,31.0
PED2028,P0203,CARTAGENA,cancelado,13.56,2.55,31.0
PED2029,P0602, Bogotá ,ENTREGADO,30.96,N/A,37.0
PED2030,P0201,CALI, cancelado,27.69,3.22,35.0
PED2031,P0103,CARTAGENA,ENTREGADO,11.68,N/A,51.0
PED2032,P0203,BARRANQUILLA, entregado,5.13,4.69,39.0
PED2033,P0201,Barranquilla,entregado,7.16,3.81,48.0
PED2034, P0201,Barranquilla,En_camino,26.58,0.11,42.0
PED2035,P0302,Cartagena,CANCELADO,10.19,4.72,19.0
PED2036,P0204,MEDELLIN,ENTREGADO,15.51,1.94,28.0
PED2037, P0302,barranquilla,Cancelado,19.55,N/A,34.0
PED2038,P0201,Medellín,ENTREGADO,26.49,2.82,45.0
PED2039,P0203,medellin, entregado,7.51,3.52,58.0
PED2040, P0103, Cali,Entregado,16.6,4.83,29.0
PED2041,P0601,CARTAGENA, entregado,19.04,2.39,36.0
PED2042,P0203,Medellín, entregado,20.77,4.82,45.0
PED2043,P0103, Cali,entregado,29.37,2.33,34.0
PED2044,P0602,BARRANQUILLA, entregado,9.32,N/A,55.0
PED2045,P0103,Bogota,entregado,29.04,0.55,19.0
PED2046,P0203,Medellin,ENTREGADO,25.48,2.48,43.0
PED2047, P0201,Medellin,ENTREGADO,21.23,4.08,43.0
PED2048,P0602,Medellin,entregado,25.69,N/A,49.0
PED2049,P0201,Cartagena, entregado,16.77,4.63,36.0
PED2050,P0602,medellin,Entregado,8.29,1.02,46.0
PED2051,P0103,Barranquilla,Entregado,24.64,3.94,32.0
PED2052,P0402,medellin,entregado,20.26,2.91,25.0
PED2053,P0601,Cartagena,ENTREGADO,23.82,5.51,24.0
PED2054,P0801, Bogotá ,ENTREGADO,14.48,2.69,18.0
PED2055,P0204,medellin,Entregado,32.11,N/A,30.0
PED2056,P0601,CARTAGENA,entregado,22.21,2.33,39.0
PED2057,P0101,Cartagena,Entregado,6.65,N/A,33.0
PED2058,P0102,BARRANQUILLA, entregado,17.94,N/A,37.0
PED2059,P0103, Cali, en_camino,27.45,0.42,50.0
PED2060,P0602,bogota,en_camino,28.62,1.04,29.0
PED2061, P0501,Medellín,entregado,19.33,0.37,63.0
PED2062,P0601,barranquilla, entregado,31.74,N/A,44.0
PED2063,P0101,Bogotá,ENTREGADO,12.3,5.31,33.0
PED2064,P0101,Cartagena,entregado,16.73,N/A,32.0
PED2065,P0601,Bogotá, en_camino,31.86,2.82,23.0
PED2066,P0203,Cali, entregado,31.78,4.58,35.0
PED2067,P0201, Bogotá ,ENTREGADO,25.26,4.02,9.0
PED2068,P0204,MEDELLIN,ENTREGADO,30.63,0.06,50.0
PED2069,P0203,barranquilla,EN_CAMINO,6.75,5.44,999.0
PED2070,P0203,Bogotá,ENTREGADO,30.81,3.26,36.0
PED2071,P0203,CALI,Entregado,13.94,2.09,21.0
PED2072,P0201,Barranquilla,ENTREGADO,9.53,3.93,27.0
PED2073,P0201, Cali,Entregado,11.42,4.28,28.0
PED2074,P0701,Cali,entregado,16.96,0.93,58.0
PED2075,P0101,Medellín, entregado,11.79,2.45,22.0
PED2076, P0204,CARTAGENA,En_camino,13.94,1.5,46.0
PED2077,P0301,bogota,cancelado,8.18,5.26,49.0
PED2078,P0203,medellin,cancelado,13.18,5.47,8.0
PED2079,P0402, Cali,Entregado,21.74,0.64,28.0
PED2080,P0601,bogota,entregado,17.7,N/A,53.0
PED2081,P0201,cartagena,entregado,14.75,5.75,19.0
PED2082,P0101,CARTAGENA,Entregado,27.14,N/A,49.0
PED2083,P0602,Barranquilla,entregado,31.7,N/A,35.0
PED2084,P0402,Bogotá,ENTREGADO,27.46,N/A,34.0
PED2085,P0101,Medellín,ENTREGADO,14.29,1.08,36.0
PED2086,P0103,Barranquilla, entregado,27.08,5.09,39.0
PED2087,P0202,cartagena,entregado,8.71,N/A,24.0
PED2088,P0701,MEDELLIN, entregado,8.04,1.66,32.0
PED2089,P0203, Bogotá ,ENTREGADO,14.71,1.7,39.0
PED2090, P0402,Barranquilla,ENTREGADO,29.04,4.05,37.0
PED2091,P0301, Bogotá ,ENTREGADO,11.64,N/A,39.0
PED2092,P0103,Bogota,entregado,5.96,N/A,26.0
PED2093,P0102,Cartagena,entregado,8.08,1.74,43.0
PED2094, P0203,Medellín,ENTREGADO,30.62,4.8,37.0
PED2095,P0202,medellin, entregado,23.65,3.64,16.0
PED2096,P0203,cartagena, entregado,11.85,4.96,29.0
PED2097,P0202,CALI,Entregado,21.21,1.65,24.0
PED2098,P0601,Cali,CANCELADO,20.35,N/A,24.0
PED2099,P0204,Cartagena, entregado,24.32,2.69,29.0
PED2100,P0201,Barranquilla,ENTREGADO,11.23,0.55,42.0
PED2101,P0402,cartagena, entregado,30.8,1.28,27.0
PED2102,P0602,MEDELLIN,Entregado,13.59,N/A,38.0
PED2103,P0401,medellin,Entregado,25.52,1.37,36.0
PED2104,P0801,Bogotá,CANCELADO,4.5,2.23,26.0
PED2105,P0202,Medellin, entregado,15.55,3.22,0.0
PED2106,P0101,Medellin,entregado,14.9,N/A,45.0
PED2107,P0601,Cali,Entregado,20.85,N/A,37.0
PED2108,P0302,cartagena,ENTREGADO,6.25,2.6,42.0
PED2109,P0202,bogota,ENTREGADO,28.49,0.21,50.0
PED2110,P0602,barranquilla, entregado,10.75,3.33,40.0
PED2111,P0203, Bogotá ,ENTREGADO,24.99,4.24,12.0
PED2112,P0203,Medellín,Entregado,28.9,N/A,38.0
PED2113,P0103,cartagena,ENTREGADO,21.42,N/A,28.0
PED2114,P0103,BARRANQUILLA,ENTREGADO,26.97,5.68,57.0
PED2115,P0103,Bogota,entregado,24.52,N/A,40.0
PED2116,P0201,Barranquilla,entregado,15.02,1.29,28.0
PED2117,P0602, Bogotá ,Entregado,29.07,N/A,42.0
PED2118,P0203,cali, cancelado,13.14,0.86,36.0
PED2119,P0202,Medellín,entregado,21.71,3.2,14.0
PED2120,P0401, Bogotá , entregado,27.11,N/A,45.0
PED2121,P0402,Bogotá,Entregado,15.75,N/A,30.0
PED2122,P0602,Bogota,entregado,13.39,1.06,52.0
PED2123,P0601,CALI, en_camino,18.24,2.02,34.0
PED2124,P0301,Barranquilla,entregado,29.36,1.89,52.0
PED2125,P0103, Cali,En_camino,32.83,N/A,40.0
PED2126, P0201,MEDELLIN,Entregado,20.9,N/A,47.0
PED2127, P0101,cali,entregado,24.51,N/A,29.0
PED2128,P0204,cali, entregado,32.0,3.95,39.0
PED2129,P0203,Bogota,CANCELADO,7.05,N/A,14.0
PED2130,P0302,Medellin,ENTREGADO,11.19,N/A,33.0
PED2131, P0102,Cartagena,entregado,25.98,3.63,17.0
PED2132,P0201,MEDELLIN, entregado,29.54,3.54,21.0
PED2133,P0203,Cartagena,ENTREGADO,30.57,3.44,24.0
PED2134,P0302,CALI,Cancelado,16.87,4.97,43.0
PED2135,P0201,Bogota, entregado,6.77,1.42,33.0
PED2136,P0602,cali,ENTREGADO,17.57,N/A,35.0
PED2137, P0102, Cali, entregado,11.15,4.46,33.0
PED2138,P0102,Bogotá,entregado,13.03,0.41,48.0
PED2139,P0103,CALI, en_camino,27.94,4.84,35.0
PED2140,P0602,cali,ENTREGADO,6.34,N/A,38.0
PED2141,P0204,barranquilla,entregado,29.66,2.56,28.0
PED2142,P0301,bogota, cancelado,17.26,5.07,49.0
PED2143,P0103,BARRANQUILLA,Entregado,22.48,4.15,50.0
PED2144,P0203,cartagena,ENTREGADO,6.78,2.97,35.0
PED2145,P0602,BARRANQUILLA,entregado,14.46,4.52,28.0
PED2146,P0601,Medellin, entregado,6.78,N/A,16.0
PED2147,P0301, Cali,Entregado,33.81,5.19,25.0
PED2148,P0602,Medellin,CANCELADO,29.03,2.42,9.0
PED2149,P0602,BARRANQUILLA,Entregado,18.25,N/A,24.0
PED2150,P0302,Bogota, entregado,10.93,1.7,39.0
PED2151,P0602,barranquilla, en_camino,32.94,N/A,34.0
PED2152,P0302,BARRANQUILLA,entregado,14.68,1.51,63.0
PED2153,P0301,CALI,Entregado,8.99,2.32,31.0
PED2154,P0103,barranquilla,entregado,21.46,2.35,30.0
PED2155,P0601, Cali,CANCELADO,33.26,N/A,48.0
PED2156,P0202,BOGOTA,entregado,4.12,N/A,12.0
PED2157,P0602,Medellín,ENTREGADO,11.38,3.6,17.0
PED2158,P0602, Bogotá , entregado,33.09,2.59,43.0
PED2159,P0201,Medellín, entregado,9.3,N/A,33.0
PED2160,P0602,barranquilla,Entregado,7.51,3.03,33.0
PED2161,P0202, Bogotá ,CANCELADO,21.68,N/A,24.0
PED2162,P0204,Cartagena, entregado,30.72,N/A,38.0
PED2163,P0601,medellin,Entregado,18.79,N/A,25.0
PED2164,P0202,Medellín,En_camino,34.83,N/A,36.0
PED2165,P0602,Medellin,entregado,25.05,1.18,21.0
PED2166,P0602,Medellín,Entregado,6.3,N/A,33.0
PED2167,P0102,medellin, entregado,34.78,N/A,59.0
PED2168,P0201, Cali,cancelado,16.64,5.13,30.0
PED2169,P0203,cartagena,ENTREGADO,12.91,N/A,33.0
PED2170,P0103,medellin,ENTREGADO,21.29,1.26,33.0
PED2171,P0501,bogota, entregado,13.43,0.12,37.0
PED2172,P0301,Barranquilla, entregado,6.68,3.14,41.0
PED2173, P0203,CARTAGENA,entregado,4.04,0.99,38.0
PED2174,P0301,medellin,entregado,17.94,4.75,38.0
PED2175,P0103,Medellín, entregado,29.94,N/A,33.0
PED2176,P0601,barranquilla, entregado,21.74,1.02,36.0
PED2177,P0201,barranquilla,ENTREGADO,34.98,N/A,32.0
PED2178, P0601,Bogota,ENTREGADO,12.89,N/A,13.0
PED2179,P0103,MEDELLIN,ENTREGADO,12.69,2.47,67.0
PED2180,P0402,CALI, entregado,8.95,0.76,44.0
PED2181,P0204,Cartagena,Entregado,9.09,1.38,23.0
PED2182,P0301,Barranquilla, entregado,12.84,2.03,38.0
PED2183,P0401,BARRANQUILLA, entregado,28.58,N/A,19.0
PED2184,P0201,CARTAGENA,ENTREGADO,32.08,1.85,29.0
PED2185,P0402,Cartagena, en_camino,34.23,3.4,17.0
PED2186,P0302,BARRANQUILLA,entregado,11.2,2.97,34.0
PED2187,P0201,cartagena, en_camino,31.32,0.53,16.0
PED2188,P0203,MEDELLIN, entregado,14.18,5.37,40.0
PED2189,P0302,barranquilla, entregado,7.5,N/A,43.0
PED2190,P0201,Bogotá, cancelado,30.97,N/A,25.0
PED2191,P0103,BOGOTA,Entregado,23.72,2.62,37.0
PED2192,P0204,CARTAGENA, entregado,9.11,0.82,24.0
PED2193,P0103,bogota,entregado,17.32,0.76,41.0
PED2194,P0201,barranquilla,entregado,12.9,4.58,27.0
PED2195,P0602,barranquilla, entregado,26.84,N/A,44.0
PED2196,P0402,Medellin,ENTREGADO,18.06,5.95,13.0
PED2197, P0402,barranquilla,Entregado,34.67,5.05,23.0
PED2198,P0601, Cali, entregado,5.7,4.61,22.0
PED2199,P0202,MEDELLIN, en_camino,15.01,N/A,37.0
PED1636,P0103,Medellin, entregado,15.36,N/A,240.0
PED1683,P0301, Bogotá ,entregado,30.12,0.98,27.0
PED2033,P0201,Barranquilla,entregado,7.16,3.81,48.0
PED1190,P0201,Cartagena,entregado,26.35,N/A,31.0
PED2083,P0602,Barranquilla,entregado,31.7,N/A,35.0
PED1283,P0201,Bogotá,cancelado,26.26,N/A,35.0
PED1817,P0101,BARRANQUILLA, entregado,17.66,N/A,53.0
